-- MySQL dump 10.13  Distrib 8.0.19, for Win64 (x86_64)
--
-- Host: localhost    Database: book_store
-- ------------------------------------------------------
-- Server version	5.5.5-10.11.0-MariaDB

/*!40101 SET @OLD_CHARACTER_SET_CLIENT=@@CHARACTER_SET_CLIENT */;
/*!40101 SET @OLD_CHARACTER_SET_RESULTS=@@CHARACTER_SET_RESULTS */;
/*!40101 SET @OLD_COLLATION_CONNECTION=@@COLLATION_CONNECTION */;
/*!50503 SET NAMES utf8mb4 */;
/*!40103 SET @OLD_TIME_ZONE=@@TIME_ZONE */;
/*!40103 SET TIME_ZONE='+00:00' */;
/*!40014 SET @OLD_UNIQUE_CHECKS=@@UNIQUE_CHECKS, UNIQUE_CHECKS=0 */;
/*!40014 SET @OLD_FOREIGN_KEY_CHECKS=@@FOREIGN_KEY_CHECKS, FOREIGN_KEY_CHECKS=0 */;
/*!40101 SET @OLD_SQL_MODE=@@SQL_MODE, SQL_MODE='NO_AUTO_VALUE_ON_ZERO' */;
/*!40111 SET @OLD_SQL_NOTES=@@SQL_NOTES, SQL_NOTES=0 */;

--
-- Table structure for table `account`
--

DROP TABLE IF EXISTS `account`;
/*!40101 SET @saved_cs_client     = @@character_set_client */;
/*!50503 SET character_set_client = utf8mb4 */;
CREATE TABLE `account` (
  `uID` bigint(20) NOT NULL AUTO_INCREMENT,
  `user` varchar(50) NOT NULL,
  `pass` text DEFAULT NULL,
  `isSell` int(11) DEFAULT NULL,
  `isAdmin` int(11) DEFAULT NULL,
  PRIMARY KEY (`uID`),
  UNIQUE KEY `uk_user` (`user`)
) ENGINE=InnoDB AUTO_INCREMENT=5 DEFAULT CHARSET=utf8mb4;
/*!40101 SET character_set_client = @saved_cs_client */;

--
-- Dumping data for table `account`
--

LOCK TABLES `account` WRITE;
/*!40000 ALTER TABLE `account` DISABLE KEYS */;
INSERT INTO `account` VALUES (1,'admin','admin',0,1),(2,'admin1','admin1',1,0),(3,'admin2','admin2',1,1),(4,'admin3','admin3',0,0);
/*!40000 ALTER TABLE `account` ENABLE KEYS */;
UNLOCK TABLES;

--
-- Table structure for table `category`
--

DROP TABLE IF EXISTS `category`;
/*!40101 SET @saved_cs_client     = @@character_set_client */;
/*!50503 SET character_set_client = utf8mb4 */;
CREATE TABLE `category` (
  `cid` bigint(20) NOT NULL,
  `cname` text DEFAULT NULL,
  PRIMARY KEY (`cid`)
) ENGINE=InnoDB DEFAULT CHARSET=utf8mb4;
/*!40101 SET character_set_client = @saved_cs_client */;

--
-- Dumping data for table `category`
--

LOCK TABLES `category` WRITE;
/*!40000 ALTER TABLE `category` DISABLE KEYS */;
INSERT INTO `category` VALUES (1,'Biography'),(2,'Business'),(3,'Cookbooks'),(4,'Health & Fitness'),(5,'History'),(6,'Mystery'),(7,'Inspiration'),(8,'Romance'),(9,'Fantasy'),(10,'Self-Improvement'),(11,'Humor Books'),(12,'Science');
/*!40000 ALTER TABLE `category` ENABLE KEYS */;
UNLOCK TABLES;

--
-- Table structure for table `product`
--

DROP TABLE IF EXISTS `product`;
/*!40101 SET @saved_cs_client     = @@character_set_client */;
/*!50503 SET character_set_client = utf8mb4 */;
CREATE TABLE `product` (
  `id` bigint(20) NOT NULL AUTO_INCREMENT,
  `title` varchar(100) NOT NULL,
  `price` bigint(20) DEFAULT NULL,
  `description` text DEFAULT NULL,
  `image` text DEFAULT NULL,
  `hot` text DEFAULT NULL,
  `categoryID` bigint(20) DEFAULT NULL,
  `sell_ID` bigint(20) DEFAULT NULL,
  PRIMARY KEY (`id`)
) ENGINE=InnoDB AUTO_INCREMENT=49 DEFAULT CHARSET=utf8mb4;
/*!40101 SET character_set_client = @saved_cs_client */;

--
-- Dumping data for table `product`
--

LOCK TABLES `product` WRITE;
/*!40000 ALTER TABLE `product` DISABLE KEYS */;
INSERT INTO `product` VALUES (1,'Our World Our Life',35,'Designed for simplicity and made from high quality materials. Its sleek geometry and material combinations creates a modern look. The design is minimalist and inspired by modern style, with sharp edges and delicate lines. With the use of high-grade materials, the product brings a sense of class and luxury to the user.','images\\books\\fantasy\\1.jpg','BEST SALER',9,1),(2,'Blue In The Water',50,'Designed for simplicity and made from high quality materials. Its sleek geometry and material combinations creates a modern look. The design is minimalist and inspired by modern style, with sharp edges and delicate lines. With the use of high-grade materials, the product brings a sense of class and luxury to the user.','images\\books\\fantasy\\2.jpg','HOT',9,3),(3,'Animals Life',25,'Designed for simplicity and made from high quality materials. Its sleek geometry and material combinations creates a modern look. The design is minimalist and inspired by modern style, with sharp edges and delicate lines. With the use of high-grade materials, the product brings a sense of class and luxury to the user.','images\\books\\science\\1.jpg','BEST SALER',12,2),(4,'Memorise',45,'Designed for simplicity and made from high quality materials. Its sleek geometry and material combinations creates a modern look. The design is minimalist and inspired by modern style, with sharp edges and delicate lines. With the use of high-grade materials, the product brings a sense of class and luxury to the user.','images\\books\\science\\2.jpg','BEST SALER',12,NULL),(5,'War Of Dragon',50,'Designed for simplicity and made from high quality materials. Its sleek geometry and material combinations creates a modern look. The design is minimalist and inspired by modern style, with sharp edges and delicate lines. With the use of high-grade materials, the product brings a sense of class and luxury to the user.','images\\books\\fantasy\\4.jpg','BEST SALER',9,4),(6,'Moon Light Sroow',45,'Designed for simplicity and made from high quality materials. Its sleek geometry and material combinations creates a modern look. The design is minimalist and inspired by modern style, with sharp edges and delicate lines. With the use of high-grade materials, the product brings a sense of class and luxury to the user.','images\\books\\fantasy\\5.jpg','HOT',9,1),(7,'Olio',35,'Designed for simplicity and made from high quality materials. Its sleek geometry and material combinations creates a modern look. The design is minimalist and inspired by modern style, with sharp edges and delicate lines. With the use of high-grade materials, the product brings a sense of class and luxury to the user.','images\\books\\biography\\4.jpg','BEST SALER',1,3),(8,'Art Of Illusrator',50,'Designed for simplicity and made from high quality materials. Its sleek geometry and material combinations creates a modern look. The design is minimalist and inspired by modern style, with sharp edges and delicate lines. With the use of high-grade materials, the product brings a sense of class and luxury to the user.','images\\books\\biography\\5.jpg','HOT',1,2),(9,'New World For Children',35,'Designed for simplicity and made from high quality materials. Its sleek geometry and material combinations creates a modern look. The design is minimalist and inspired by modern style, with sharp edges and delicate lines. With the use of high-grade materials, the product brings a sense of class and luxury to the user.','images\\books\\biography\\6.jpg','HOT',1,NULL),(10,'Children\'s Book 7',50,'Designed for simplicity and made from high quality materials. Its sleek geometry and material combinations creates a modern look. The design is minimalist and inspired by modern style, with sharp edges and delicate lines. With the use of high-grade materials, the product brings a sense of class and luxury to the user.','images\\books\\humor\\3.jpg','BEST SALER',11,4),(11,'Eat To Beat Your Diet',85,'Designed for simplicity and made from high quality materials. Its sleek geometry and material combinations creates a modern look. The design is minimalist and inspired by modern style, with sharp edges and delicate lines. With the use of high-grade materials, the product brings a sense of class and luxury to the user.','images\\books\\cookbooks\\3.jpg','BEST SALER',3,1),(12,'Going For Broke',50,'Designed for simplicity and made from high quality materials. Its sleek geometry and material combinations creates a modern look. The design is minimalist and inspired by modern style, with sharp edges and delicate lines. With the use of high-grade materials, the product brings a sense of class and luxury to the user.','images\\books\\self-Improvement\\1.jpg','BEST SALER',10,3),(13,'Tom Felton',75,'Designed for simplicity and made from high quality materials. Its sleek geometry and material combinations creates a modern look. The design is minimalist and inspired by modern style, with sharp edges and delicate lines. With the use of high-grade materials, the product brings a sense of class and luxury to the user.','images\\books\\biography\\1.jpg','HOT',1,2),(14,'Straight Shooter',50,'Designed for simplicity and made from high quality materials. Its sleek geometry and material combinations creates a modern look. The design is minimalist and inspired by modern style, with sharp edges and delicate lines. With the use of high-grade materials, the product brings a sense of class and luxury to the user.','images\\books\\biography\\2.jpg','BEST SALER',1,NULL),(15,'Making It So',35,'Designed for simplicity and made from high quality materials. Its sleek geometry and material combinations creates a modern look. The design is minimalist and inspired by modern style, with sharp edges and delicate lines. With the use of high-grade materials, the product brings a sense of class and luxury to the user.','images\\books\\biography\\3.jpg','BEST SALER',1,1),(16,'Rich Dad',50,'Designed for simplicity and made from high quality materials. Its sleek geometry and material combinations creates a modern look. The design is minimalist and inspired by modern style, with sharp edges and delicate lines. With the use of high-grade materials, the product brings a sense of class and luxury to the user.','images\\books\\business\\1.jpg','HOT',2,3),(17,'The 7 Habits',35,'Designed for simplicity and made from high quality materials. Its sleek geometry and material combinations creates a modern look. The design is minimalist and inspired by modern style, with sharp edges and delicate lines. With the use of high-grade materials, the product brings a sense of class and luxury to the user.','images\\books\\business\\2.jpg','HOT',2,2),(18,'My Money My Way',50,'Designed for simplicity and made from high quality materials. Its sleek geometry and material combinations creates a modern look. The design is minimalist and inspired by modern style, with sharp edges and delicate lines. With the use of high-grade materials, the product brings a sense of class and luxury to the user.','images\\books\\business\\3.jpg','BEST SALER',2,NULL),(19,'Corban Addison',75,'Designed for simplicity and made from high quality materials. Its sleek geometry and material combinations creates a modern look. The design is minimalist and inspired by modern style, with sharp edges and delicate lines. With the use of high-grade materials, the product brings a sense of class and luxury to the user.','images\\books\\business\\4.jpg','HOT',2,4),(20,'Pappyland',25,'Designed for simplicity and made from high quality materials. Its sleek geometry and material combinations creates a modern look. The design is minimalist and inspired by modern style, with sharp edges and delicate lines. With the use of high-grade materials, the product brings a sense of class and luxury to the user.','images\\books\\cookbooks\\1.jpg','HOT',3,NULL),(21,'The Galveston Diet',15,'Designed for simplicity and made from high quality materials. Its sleek geometry and material combinations creates a modern look. The design is minimalist and inspired by modern style, with sharp edges and delicate lines. With the use of high-grade materials, the product brings a sense of class and luxury to the user.','images\\books\\cookbooks\\2.jpg','BEST SALER',3,NULL),(22,'Chain Of Thorns',65,'Designed for simplicity and made from high quality materials. Its sleek geometry and material combinations creates a modern look. The design is minimalist and inspired by modern style, with sharp edges and delicate lines. With the use of high-grade materials, the product brings a sense of class and luxury to the user.','images\\books\\history\\3.jpg','BEST SALER',5,4),(23,'Eat To Beat Your Diet',35,'Designed for simplicity and made from high quality materials. Its sleek geometry and material combinations creates a modern look. The design is minimalist and inspired by modern style, with sharp edges and delicate lines. With the use of high-grade materials, the product brings a sense of class and luxury to the user.','images\\books\\health\\1.jpg','HOT',4,NULL),(24,'Young Forever',45,'Designed for simplicity and made from high quality materials. Its sleek geometry and material combinations creates a modern look. The design is minimalist and inspired by modern style, with sharp edges and delicate lines. With the use of high-grade materials, the product brings a sense of class and luxury to the user.','images\\books\\health\\2.jpg','HOT',4,NULL),(25,'Prepared',50,'Designed for simplicity and made from high quality materials. Its sleek geometry and material combinations creates a modern look. The design is minimalist and inspired by modern style, with sharp edges and delicate lines. With the use of high-grade materials, the product brings a sense of class and luxury to the user.','images\\books\\health\\3.jpg','BEST SALER',4,NULL),(26,'The Serpent In Heaven',60,'Designed for simplicity and made from high quality materials. Its sleek geometry and material combinations creates a modern look. The design is minimalist and inspired by modern style, with sharp edges and delicate lines. With the use of high-grade materials, the product brings a sense of class and luxury to the user.','images\\books\\history\\1.jpg','HOT',5,NULL),(27,'Andy Weir',30,'Designed for simplicity and made from high quality materials. Its sleek geometry and material combinations creates a modern look. The design is minimalist and inspired by modern style, with sharp edges and delicate lines. With the use of high-grade materials, the product brings a sense of class and luxury to the user.','images\\books\\history\\2.jpg','BEST SALER',5,NULL),(28,'Art Of Illusrator',40,'Designed for simplicity and made from high quality materials. Its sleek geometry and material combinations creates a modern look. The design is minimalist and inspired by modern style, with sharp edges and delicate lines. With the use of high-grade materials, the product brings a sense of class and luxury to the user.','images\\books\\fantasy\\3.jpg','HOT',9,NULL),(29,'Blue In The Water',20,'Designed for simplicity and made from high quality materials. Its sleek geometry and material combinations creates a modern look. The design is minimalist and inspired by modern style, with sharp edges and delicate lines. With the use of high-grade materials, the product brings a sense of class and luxury to the user.','images\\books\\cookbooks\\4.jpg','BEST SALER',3,NULL),(30,'The Hunter House',10,'Designed for simplicity and made from high quality materials. Its sleek geometry and material combinations creates a modern look. The design is minimalist and inspired by modern style, with sharp edges and delicate lines. With the use of high-grade materials, the product brings a sense of class and luxury to the user.','images\\books\\cookbooks\\5.jpg','HOT',3,NULL),(31,'Children\'s Book 5',30,'Designed for simplicity and made from high quality materials. Its sleek geometry and material combinations creates a modern look. The design is minimalist and inspired by modern style, with sharp edges and delicate lines. With the use of high-grade materials, the product brings a sense of class and luxury to the user.','images\\books\\humor\\1.jpg','HOT',11,NULL),(32,'Children\'s Book 6',35,'Designed for simplicity and made from high quality materials. Its sleek geometry and material combinations creates a modern look. The design is minimalist and inspired by modern style, with sharp edges and delicate lines. With the use of high-grade materials, the product brings a sense of class and luxury to the user.','images\\books\\humor\\2.jpg','BEST SALER',11,NULL),(33,'Ghettou Cowboy',50,'Designed for simplicity and made from high quality materials. Its sleek geometry and material combinations creates a modern look. The design is minimalist and inspired by modern style, with sharp edges and delicate lines. With the use of high-grade materials, the product brings a sense of class and luxury to the user.','images\\books\\inspiration\\1.jpg','HOT',7,NULL),(34,'Grand Theft Horse',20,'Designed for simplicity and made from high quality materials. Its sleek geometry and material combinations creates a modern look. The design is minimalist and inspired by modern style, with sharp edges and delicate lines. With the use of high-grade materials, the product brings a sense of class and luxury to the user.','images\\books\\inspiration\\2.jpg','BEST SALER',7,NULL),(35,'Chess Rumble',15,'Designed for simplicity and made from high quality materials. Its sleek geometry and material combinations creates a modern look. The design is minimalist and inspired by modern style, with sharp edges and delicate lines. With the use of high-grade materials, the product brings a sense of class and luxury to the user.','images\\books\\inspiration\\3.jpg','HOT',7,2),(36,'Simply Lies',75,'Designed for simplicity and made from high quality materials. Its sleek geometry and material combinations creates a modern look. The design is minimalist and inspired by modern style, with sharp edges and delicate lines. With the use of high-grade materials, the product brings a sense of class and luxury to the user.','images\\books\\mystery\\1.jpg','BEST SALER',6,2),(37,'Dark Angel',55,'Designed for simplicity and made from high quality materials. Its sleek geometry and material combinations creates a modern look. The design is minimalist and inspired by modern style, with sharp edges and delicate lines. With the use of high-grade materials, the product brings a sense of class and luxury to the user.','images\\books\\mystery\\2.jpg','HOT',6,2),(38,'Central Park West',35,'Designed for simplicity and made from high quality materials. Its sleek geometry and material combinations creates a modern look. The design is minimalist and inspired by modern style, with sharp edges and delicate lines. With the use of high-grade materials, the product brings a sense of class and luxury to the user.','images\\books\\mystery\\3.jpg','BEST SALER',6,2),(39,'Nora Roberts',20,'Designed for simplicity and made from high quality materials. Its sleek geometry and material combinations creates a modern look. The design is minimalist and inspired by modern style, with sharp edges and delicate lines. With the use of high-grade materials, the product brings a sense of class and luxury to the user.','images\\books\\romance\\1.jpg','BEST SALER',8,2),(40,'Happy Place',25,'Designed for simplicity and made from high quality materials. Its sleek geometry and material combinations creates a modern look. The design is minimalist and inspired by modern style, with sharp edges and delicate lines. With the use of high-grade materials, the product brings a sense of class and luxury to the user.','images\\books\\romance\\2.jpg','BEST SALER',8,2),(41,'Love Theoretically',50,'Designed for simplicity and made from high quality materials. Its sleek geometry and material combinations creates a modern look. The design is minimalist and inspired by modern style, with sharp edges and delicate lines. With the use of high-grade materials, the product brings a sense of class and luxury to the user.','images\\books\\romance\\3.jpg','HOT',8,2),(42,'Love Theoretically2',75,'Designed for simplicity and made from high quality materials. Its sleek geometry and material combinations creates a modern look. The design is minimalist and inspired by modern style, with sharp edges and delicate lines. With the use of high-grade materials, the product brings a sense of class and luxury to the user.','images\\books\\romance\\3.jpg','BEST SALER',8,2),(44,'Film 1',100,'Designed for simplicity and made from high quality materials. Its sleek geometry and material combinations creates a modern look. The design is minimalist and inspired by modern style, with sharp edges and delicate lines. With the use of high-grade materials, the product brings a sense of class and luxury to the user.','https://media-private.canva.com/_qgv4/MAFmXZ_qgv4/1/tl.jpg?X-Amz-Algorithm=AWS4-HMAC-SHA256&X-Amz-Credential=AKIAJWF6QO3UH4PAAJ6Q%2F20230619%2Fus-east-1%2Fs3%2Faws4_request&X-Amz-Date=20230619T225048Z&X-Amz-Expires=69175&X-Amz-Signature=80e589635240c1f8e5576ea2500ba5c58b3b0fc73e53bd9e28830089df0f2f2b&X-Amz-SignedHeaders=host&response-expires=Tue%2C%2020%20Jun%202023%2018%3A03%3A43%20GMT','HOT',9,2),(45,'Children\'s Book 1',120,'Designed for simplicity and made from high quality materials. Its sleek geometry and material combinations creates a modern look. The design is minimalist and inspired by modern style, with sharp edges and delicate lines. With the use of high-grade materials, the product brings a sense of class and luxury to the user.','images\\books\\humor\\4.jpg','HOT',11,NULL),(46,'Children\'s Book 2',110,'Designed for simplicity and made from high quality materials. Its sleek geometry and material combinations creates a modern look. The design is minimalist and inspired by modern style, with sharp edges and delicate lines. With the use of high-grade materials, the product brings a sense of class and luxury to the user.','images\\books\\humor\\5.jpg','HOT',11,NULL),(47,'Children\'s Book 3',100,'Designed for simplicity and made from high quality materials. Its sleek geometry and material combinations creates a modern look. The design is minimalist and inspired by modern style, with sharp edges and delicate lines. With the use of high-grade materials, the product brings a sense of class and luxury to the user.','images\\books\\humor\\6.jpg','HOT',11,NULL),(48,'Children\'s Book 4',90,'Designed for simplicity and made from high quality materials. Its sleek geometry and material combinations creates a modern look. The design is minimalist and inspired by modern style, with sharp edges and delicate lines. With the use of high-grade materials, the product brings a sense of class and luxury to the user.','images\\books\\humor\\7.jpg','BEST SALER',11,NULL);
/*!40000 ALTER TABLE `product` ENABLE KEYS */;
UNLOCK TABLES;

--
-- Dumping routines for database 'book_store'
--
/*!40103 SET TIME_ZONE=@OLD_TIME_ZONE */;

/*!40101 SET SQL_MODE=@OLD_SQL_MODE */;
/*!40014 SET FOREIGN_KEY_CHECKS=@OLD_FOREIGN_KEY_CHECKS */;
/*!40014 SET UNIQUE_CHECKS=@OLD_UNIQUE_CHECKS */;
/*!40101 SET CHARACTER_SET_CLIENT=@OLD_CHARACTER_SET_CLIENT */;
/*!40101 SET CHARACTER_SET_RESULTS=@OLD_CHARACTER_SET_RESULTS */;
/*!40101 SET COLLATION_CONNECTION=@OLD_COLLATION_CONNECTION */;
/*!40111 SET SQL_NOTES=@OLD_SQL_NOTES */;

-- Dump completed on 2023-06-22  0:28:16
